{"nodes":{"node:10014":{"location":{"x":-174,"y":152}},"node:10034":{"location":{"x":39,"y":28}},"node:10041":{"location":{"x":362,"y":144}},"node:10050":{"location":{"x":392,"y":-84}},"node:10057":{"location":{"x":-516,"y":312}},"node:10058":{"location":{"x":624,"y":228}},"node:10064":{"location":{"x":451,"y":348}},"node:10066":{"location":{"x":-516,"y":376}},"node:10091":{"location":{"x":944,"y":308}},"node:10170":{"location":{"x":-215,"y":256}},"node:10248":{"location":{"x":-686,"y":-76}},"node:10255":{"location":{"x":-209,"y":-32}},"node:10262":{"location":{"x":-457,"y":24}},"node:10339":{"location":{"x":1216,"y":376}},"node:10348":{"location":{"x":944,"y":104}}},"selection":null,"view":{"scroll":{"x":-503.03448486328125,"y":-148.8939208984375},"zoom":0.749999940395355225}}