{"nodes":{"node:10034":{"location":{"x":39,"y":28}},"node:10041":{"location":{"x":362,"y":144}},"node:10050":{"location":{"x":376,"y":-80}},"node:10057":{"location":{"x":-516,"y":324}},"node:10058":{"location":{"x":624,"y":228}},"node:10064":{"location":{"x":451,"y":348}},"node:10066":{"location":{"x":-516,"y":388}},"node:10081":{"location":{"x":-386,"y":156}},"node:10084":{"location":{"x":-386,"y":220}},"node:10091":{"location":{"x":944,"y":308}},"node:10170":{"location":{"x":-231,"y":284}},"node:10248":{"location":{"x":-686,"y":-76}},"node:10255":{"location":{"x":-209,"y":-32}},"node:10262":{"location":{"x":-457,"y":24}},"node:10339":{"location":{"x":1216,"y":376}},"node:10348":{"location":{"x":942,"y":144}},"node:10363":{"location":{"x":-200,"y":128}}},"selection":null,"view":{"scroll":{"x":-754.59600830078125,"y":-113.05657958984375},"zoom":1}}