{"nodes":{"node:10026":{"location":{"x":-1932,"y":1396}},"node:10030":{"location":{"x":-1726,"y":1548}},"node:10032":{"location":{"x":-1685,"y":1180}},"node:10042":{"location":{"x":-744,"y":1200}},"node:10046":{"location":{"x":-951,"y":1344}},"node:10051":{"location":{"x":-1112,"y":1392}},"node:10062":{"location":{"x":-696,"y":960}},"node:10067":{"location":{"x":-975,"y":1036}},"node:10094":{"location":{"x":-1544,"y":1468}},"node:10119":{"location":{"x":-1368,"y":1184}},"node:10125":{"location":{"x":-1543,"y":1260}},"node:10127":{"location":{"x":-1178,"y":1104}},"node:10132":{"location":{"x":-1917,"y":1024}},"node:10144":{"location":{"x":-312,"y":1296}},"node:10149":{"location":{"x":-592,"y":1392}}},"selection":null,"view":{"scroll":{"x":-2228.3125,"y":783.31884765625},"zoom":0.999999940395355225}}