{"nodes":{"node:10008":{"location":{"x":-1720,"y":-148}},"node:10013":{"location":{"x":-1977,"y":-288}},"node:10018":{"location":{"x":-1944,"y":-48}},"node:10023":{"location":{"x":-1368,"y":-100}},"node:10028":{"location":{"x":-1320,"y":48}},"node:10034":{"location":{"x":-1464,"y":-368}},"node:10039":{"location":{"x":-2083,"y":80}},"node:10045":{"location":{"x":-1848,"y":60}}},"selection":null,"view":{"scroll":{"x":-1809.368408203125,"y":-382.367401123046875},"zoom":0.749999940395355225}}