{"nodes":{"node:10011":{"location":{"x":-916,"y":-168}},"node:10019":{"location":{"x":-447,"y":-96}},"node:10027":{"location":{"x":-143,"y":-260}},"node:10032":{"location":{"x":-63,"y":-96}},"node:10039":{"location":{"x":-287,"y":44}},"node:10049":{"location":{"x":48,"y":92}},"node:10058":{"location":{"x":-393,"y":-180}},"node:10070":{"location":{"x":384,"y":-64}},"node:10077":{"location":{"x":673,"y":-256}},"node:10081":{"location":{"x":247,"y":1020}},"node:10087":{"location":{"x":-915,"y":288}},"node:10089":{"location":{"x":170,"y":16}},"node:10095":{"location":{"x":-719,"y":412}},"node:10099":{"location":{"x":-463,"y":336}},"node:10106":{"location":{"x":-79,"y":240}},"node:10123":{"location":{"x":368,"y":460}},"node:10129":{"location":{"x":170,"y":572}},"node:10144":{"location":{"x":21,"y":620}},"node:10161":{"location":{"x":-696,"y":-4}},"node:10326":{"location":{"x":-442,"y":856}},"node:10329":{"location":{"x":745,"y":-32}},"node:10336":{"location":{"x":-697,"y":948}},"node:10341":{"location":{"x":-121,"y":764}},"node:10346":{"location":{"x":-73,"y":968}},"node:10359":{"location":{"x":-413,"y":1096}},"node:10371":{"location":{"x":-927,"y":868}},"node:10397":{"location":{"x":705,"y":508}},"node:10402":{"location":{"x":711,"y":252}},"node:10588":{"location":{"x":-265,"y":1050}},"node:10666":{"location":{"x":-104,"y":384}},"node:10746":{"location":{"x":247,"y":764}}},"selection":null,"view":{"scroll":{"x":-1132.956787109375,"y":-110.482383728027344},"zoom":0.749999880790710449}}